"Transaction_ID,accm_txn_complete_time",accm_txn_complete_time
7232460,3/25/2026 8:00
4983775,3/25/2026 8:15
6095326,3/25/2026 8:30
5543096,3/25/2026 8:45
2344675,3/25/2026 9:00
4155845,3/25/2026 9:15
4926148,3/25/2026 9:30
8493213,3/25/2026 9:45
1609659,3/25/2026 10:00
2846832,3/25/2026 10:15
3217461,3/25/2026 10:30
2401331,3/25/2026 10:45
4969987,3/25/2026 11:00
6681000,3/25/2026 11:15
2430572,3/25/2026 11:30
7728099,3/25/2026 11:45
3489336,3/25/2026 12:00
6925572,3/25/2026 12:15
8871554,3/25/2026 12:30
9476855,3/25/2026 12:45
9338306,3/25/2026 13:00
9070447,3/25/2026 13:15
9082305,3/25/2026 13:30
4725198,3/25/2026 13:45
5230876,3/25/2026 14:00
2459574,3/25/2026 14:15
2873384,3/25/2026 14:30
3413296,3/25/2026 14:45
6408692,3/25/2026 15:00
8973612,3/25/2026 15:15
